repo_id,ies_nome,ies_sigla,ies_tipo,ies_categoria,ies_uf,ies_cidade,ies_site_principal,repo_nome,repo_url_home,repo_plataforma,repo_tipo_conteudo,texto_completo_oa,evidencia_oa_url,politica_acesso_url,restricao_login,indexacao_robos,oai_pmh_disponivel,oai_pmh_endpoint,oai_pmh_verificado,outros_endpoints,aparece_oasisbr,aparece_bdtd,aparece_scielo,aparece_opendoar,aparece_roar,camada_metodo,metodo_descoberta,data_verificacao,evidencias_urls,observacoes,status_repo
BR-AGG-0001,Instituto Brasileiro de Informa√ß√£o em Ci√™ncia e Tecnologia,IBICT,Agregador,P√∫blica Federal,DF,Bras√≠lia,https://ibict.br/,Oasisbr,https://oasisbr.ibict.br/,Primo,Misto,Sempre,https://oasisbr.ibict.br/,,N√£o,OK,Sim,http://harvester.ibict.br:8092/request,N√£o,,Sim,Sim,Sim,Sim,Sim,1,Busca Espec√≠fica,2026-02-19,https://oasisbr.ibict.br/,,Ativo
BR-EST-0001,Universidade de S√£o Paulo,USP,Universidade,P√∫blica Estadual,SP,S√£o Paulo,https://www5.usp.br/,Reposit√≥rio Institucional da USP,https://repositorio.usp.br/,DSpace,Misto,Sempre,https://repositorio.usp.br/item/003126789,,N√£o,OK,Sim,https://repositorio.usp.br/oai/request,N√£o,,Sim,Sim,NA,Sim,Sim,2,Busca no site da IES,2026-02-11,https://www5.usp.br/,,Ativo
BR-EST-0002,Universidade Estadual Paulista,Unesp,Universidade,P√∫blica Estadual,SP,S√£o Paulo,https://www2.unesp.br/,Reposit√≥rio Institucional da Unesp,https://repositorio.unesp.br/,DSpace,Misto,Sempre,https://repositorio.unesp.br/handle/11449/246747,,N√£o,OK,Sim,https://repositorio.unesp.br/oai/request,N√£o,,Sim,Sim,NA,Sim,Sim,2,Busca no site da IES,2026-02-11,https://www2.unesp.br/,,Ativo
BR-EST-0003,Universidade Estadual de Campinas,Unicamp,Universidade,P√∫blica Estadual,SP,Campinas,https://www.unicamp.br/,Reposit√≥rio Institucional da Unicamp,http://repositorio.unicamp.br/,DSpace,Misto,Sempre,http://repositorio.unicamp.br/handle/REPOSIP/366767,,N√£o,OK,Sim,http://repositorio.unicamp.br/oai/request,N√£o,,Sim,Sim,NA,Sim,Sim,2,Busca no site da IES,2026-02-11,https://www.unicamp.br/,,Ativo
BR-EST-0004,Universidade Estadual do Rio de Janeiro,UERJ,Universidade,P√∫blica Estadual,RJ,Rio de Janeiro,https://www.uerj.br/,BDTD UERJ,https://www.bdtd.uerj.br/,TEDE,Teses/Disserta√ß√µes,Sempre,https://www.bdtd.uerj.br:8443/handle/1/22372,,N√£o,OK,Sim,https://www.bdtd.uerj.br/oai/request,N√£o,,Sim,Sim,NA,Sim,Sim,2,Busca no site da IES,2026-02-11,https://www.uerj.br/,,Ativo
BR-EST-0005,Universidade Estadual de Londrina,UEL,Universidade,P√∫blica Estadual,PR,Londrina,https://www.uel.br/,Biblioteca Digital da UEL,https://www.bibliotecadigital.uel.br/,DSpace,Misto,Sempre,https://www.bibliotecadigital.uel.br/document/?code=vtls000253489,,N√£o,OK,Indefinido,,N√£o,,Sim,Sim,NA,Sim,Sim,2,Busca no site da IES,2026-02-11,https://www.uel.br/,,Ativo
BR-EST-0006,Universidade Estadual do Cear√°,UECE,Universidade,P√∫blica Estadual,CE,Fortaleza,https://www.uece.br/,Reposit√≥rio Institucional da UECE,https://siduece.uece.br/,DSpace,Misto,Sempre,https://siduece.uece.br/rodeo/handle/123456789/276,,N√£o,OK,Sim,https://siduece.uece.br/rodeo/oai/request,N√£o,,Sim,Sim,NA,Sim,Sim,2,Busca Espec√≠fica,2026-02-11,https://www.uece.br/,,Ativo
BR-EST-0007,Universidade Estadual do Maranh√£o,UEMA,Universidade,P√∫blica Estadual,MA,S√£o Lu√≠s,https://www.uema.br/,UEMA Reposit√≥rio,https://repositorio.uema.br/,DSpace,Misto,Sempre,https://repositorio.uema.br/handle/123456789/123,,N√£o,OK,Sim,https://repositorio.uema.br/oai/request,N√£o,,Sim,Sim,NA,Sim,Sim,2,Busca Espec√≠fica,2026-02-11,https://www.uema.br/,,Ativo
BR-EST-0008,Universidade do Estado do Par√°,UEPA,Universidade,P√∫blica Estadual,PA,Bel√©m,https://www.uepa.br/,Reposit√≥rio Institucional da UEPA,https://repositorio.uepa.br/,DSpace,Misto,Sempre,https://repositorio.uepa.br/jspui/handle/123456789/123,,N√£o,OK,Sim,https://repositorio.uepa.br/oai/request,N√£o,,Sim,Sim,NA,Sim,Sim,2,Busca Espec√≠fica,2026-02-11,https://www.uepa.br/,,Ativo
BR-EST-0009,Universidade do Estado da Bahia,UNEB,Universidade,P√∫blica Estadual,BA,Salvador,https://portal.uneb.br/,Saber Aberto,https://saberaberto.uneb.br/,DSpace,Misto,Sempre,https://saberaberto.uneb.br/handle/123456789/123,,N√£o,OK,Sim,https://saberaberto.uneb.br/oai/request,N√£o,,Sim,Sim,NA,Sim,Sim,2,Busca Espec√≠fica,2026-02-11,https://portal.uneb.br/,,Ativo
BR-EST-0010,Universidade do Estado de Mato Grosso,UNEMAT,Universidade,P√∫blica Estadual,MT,C√°ceres,https://portal.unemat.br/,Reposit√≥rio UNEMAT,https://repositorio.unemat.br/,DSpace,Misto,Sempre,https://repositorio.unemat.br/handle/123456789/1,,N√£o,OK,Sim,https://repositorio.unemat.br/oai/request,N√£o,,Sim,Sim,NA,Sim,Sim,2,Busca Espec√≠fica,2026-02-11,https://portal.unemat.br/,,Ativo
BR-EST-0011,Universidade Estadual de Mato Grosso do Sul,UEMS,Universidade,P√∫blica Estadual,MS,Dourados,https://www.uems.br/,Reposit√≥rio Institucional UEMS,https://repositorio.uems.br/,DSpace,Misto,Sempre,https://repositorio.uems.br/handle/123456789/1,,N√£o,OK,Sim,https://repositorio.uems.br/oai/request,N√£o,,Sim,Sim,NA,Sim,Sim,2,Busca Espec√≠fica,2026-02-11,https://www.uems.br/,,Ativo
BR-EST-0012,Universidade Estadual de Maring√°,UEM,Universidade,P√∫blica Estadual,PR,Maring√°,https://www.uem.br/,Reposit√≥rio Institucional da UEM,http://repositorio.uem.br/,DSpace,Misto,Sempre,http://repositorio.uem.br/jspui/handle/1/1,,N√£o,OK,Sim,http://repositorio.uem.br/oai/request,N√£o,,Sim,Sim,NA,Sim,Sim,2,Busca Espec√≠fica,2026-02-11,https://www.uem.br/,,Ativo
BR-EST-0013,Universidade Estadual de Ponta Grossa,UEPG,Universidade,P√∫blica Estadual,PR,Ponta Grossa,https://www.uepg.br/,Reposit√≥rio Institucional UEPG,https://ri.uepg.br/,DSpace,Misto,Sempre,https://ri.uepg.br/ri/handle/123456789/1,,N√£o,OK,Sim,https://ri.uepg.br/oai/request,N√£o,,Sim,Sim,NA,Sim,Sim,2,Busca Espec√≠fica,2026-02-11,https://www.uepg.br/,,Ativo
BR-EST-0014,Universidade Estadual do Oeste do Paran√°,UNIOESTE,Universidade,P√∫blica Estadual,PR,Cascavel,https://www.unioeste.br/,Biblioteca Digital UNIOESTE,https://tede.unioeste.br/,TEDE,Teses,Sempre,https://tede.unioeste.br/handle/tede/1,,N√£o,OK,Sim,https://tede.unioeste.br/oai/request,N√£o,,Sim,Sim,NA,Sim,Sim,2,Busca Espec√≠fica,2026-02-11,https://www.unioeste.br/,,Ativo
BR-EST-0015,Universidade Estadual do Centro-Oeste,UNICENTRO,Universidade,P√∫blica Estadual,PR,Guarapuava,https://www2.unicentro.br/,Reposit√≥rio Institucional UNICENTRO,https://repositorio.unicentro.br/,DSpace,Misto,Sempre,https://repositorio.unicentro.br/jspui/handle/123456789/1,,N√£o,OK,Sim,https://repositorio.unicentro.br/oai/request,N√£o,,Sim,Sim,NA,Sim,Sim,2,Busca Espec√≠fica,2026-02-11,https://www2.unicentro.br/,,Ativo
BR-EST-0016,Universidade Estadual de Feira de Santana,UEFS,Universidade,P√∫blica Estadual,BA,Feira de Santana,https://www.uefs.br/,Reposit√≥rio Institucional da UEFS,http://avalon.uefs.br/,DSpace,Misto,Sempre,http://avalon.uefs.br/handle/ri/1,,N√£o,OK,Sim,http://avalon.uefs.br/oai/request,N√£o,,Sim,Sim,NA,Sim,Sim,2,Busca Espec√≠fica,2026-02-11,https://www.uefs.br/,,Ativo
BR-EST-0017,Universidade Estadual de Santa Cruz,UESC,Universidade,P√∫blica Estadual,BA,Ilh√©us,https://www.uesc.br/,Biblioteca Digital de Teses e Disserta√ß√µes da UESC,http://www.biblioteca.uesc.br/biblioteca_digital/,Outro,Teses,Sempre,http://www.biblioteca.uesc.br/biblioteca_digital/,,N√£o,OK,Indefinido,,N√£o,,Sim,Sim,NA,Sim,Sim,2,Busca Espec√≠fica,2026-02-11,https://www.uesc.br/,,Ativo
BR-EST-0018,Universidade do Estado do Amazonas,UEA,Universidade,P√∫blica Estadual,AM,Manaus,https://www1.uea.edu.br/,Reposit√≥rio Institucional da UEA,https://repositorio.uea.edu.br/,DSpace,Misto,Sempre,https://repositorio.uea.edu.br/handle/riuea/1,,N√£o,OK,Sim,https://repositorio.uea.edu.br/oai/request,N√£o,,Sim,Sim,NA,Sim,Sim,2,Busca Espec√≠fica,2026-02-11,https://www1.uea.edu.br/,,Ativo
BR-EST-0019,Universidade Estadual de Roraima,UERR,Universidade,P√∫blica Estadual,RR,Boa Vista,https://www.uerr.edu.br/,Reposit√≥rio Institucional UERR,https://repositorio.uerr.edu.br/,DSpace,Misto,Sempre,https://repositorio.uerr.edu.br/handle/123456789/1,,N√£o,OK,Sim,https://repositorio.uerr.edu.br/oai/request,N√£o,,Sim,Sim,NA,Sim,Sim,2,Busca Espec√≠fica,2026-02-11,https://www.uerr.edu.br/,,Ativo
BR-FED-0001,Universidade Federal da Bahia,UFBA,Universidade,P√∫blica Federal,BA,Salvador,https://www.ufba.br/,Reposit√≥rio Institucional da UFBA,https://repositorio.ufba.br/,DSpace,Misto,Sempre,https://repositorio.ufba.br/handle/ri/36884,,N√£o,OK,Sim,https://repositorio.ufba.br/oai/request,N√£o,,Sim,Sim,NA,Sim,Sim,2,Busca no site da IES,2026-02-11,https://ufba.br/,,Ativo
BR-FED-0002,Universidade Federal Fluminense,UFF,Universidade,P√∫blica Federal,RJ,Niter√≥i,https://www.uff.br/,Reposit√≥rio Institucional da UFF,https://app.uff.br/riuff/,DSpace,Misto,Sempre,https://app.uff.br/riuff/handle/1/15720,,N√£o,OK,Sim,https://app.uff.br/riuff/oai/request,N√£o,,Sim,Sim,NA,Sim,Sim,2,Busca no site da IES,2026-02-11,https://www.uff.br/,,Ativo
BR-FED-0003,Universidade Federal de Santa Catarina,UFSC,Universidade,P√∫blica Federal,SC,Florian√≥polis,https://ufsc.br/,Reposit√≥rio Institucional da UFSC,https://repositorio.ufsc.br/,DSpace,Misto,Sempre,https://repositorio.ufsc.br/handle/123456789/253965,,N√£o,OK,Sim,https://repositorio.ufsc.br/oai/request,N√£o,,Sim,Sim,NA,Sim,Sim,2,Busca no site da IES,2026-02-11,https://ufsc.br/,,Ativo
BR-FED-0004,Universidade Federal do Cear√°,UFC,Universidade,P√∫blica Federal,CE,Fortaleza,https://www.ufc.br/,Reposit√≥rio Institucional da UFC,https://repositorio.ufc.br/,DSpace,Misto,Sempre,https://repositorio.ufc.br/handle/riufc/71363,,N√£o,OK,Sim,https://repositorio.ufc.br/oai/request,N√£o,,Sim,Sim,NA,Sim,Sim,3,Busca no site da IES,2026-02-11,https://www.ufc.br/,,Ativo
BR-FED-0005,Universidade de Bras√≠lia,UnB,Universidade,P√∫blica Federal,DF,Bras√≠lia,https://www.unb.br/,Reposit√≥rio Institucional da UnB,https://repositorio.unb.br/,DSpace,Misto,Sempre,https://repositorio.unb.br/handle/10482/47464,,N√£o,OK,Sim,https://repositorio.unb.br/oai/request,N√£o,,Sim,Sim,NA,Sim,Sim,2,Busca no site da IES,2026-02-11,https://www.unb.br/,,Ativo
BR-FED-0006,Universidade Federal de Sergipe,UFS,Universidade,P√∫blica Federal,SE,S√£o Crist√≥v√£o,https://www.ufs.br/,Reposit√≥rio Institucional da UFS,https://ri.ufs.br/,DSpace,Misto,Sempre,https://ri.ufs.br/handle/riufs/16323,,N√£o,OK,Sim,https://ri.ufs.br/oai/request,N√£o,,Sim,Sim,NA,Sim,Sim,2,Busca no site da IES,2026-02-11,https://www.ufs.br/,,Ativo
BR-FED-0007,Universidade Federal do Par√°,UFPA,Universidade,P√∫blica Federal,PA,Bel√©m,https://portal.ufpa.br/,Reposit√≥rio Institucional da UFPA,https://repositorio.ufpa.br/,DSpace,Misto,Sempre,https://repositorio.ufpa.br/jspui/handle/2011/14981,,N√£o,OK,Sim,https://repositorio.ufpa.br/oai/request,N√£o,,Sim,Sim,NA,Sim,Sim,2,Busca no site da IES,2026-02-11,https://portal.ufpa.br/,,Ativo
BR-FED-0008,Universidade Federal do Tocantins,UFT,Universidade,P√∫blica Federal,TO,Palmas,https://ww2.uft.edu.br/,Reposit√≥rio Institucional da UFT,http://repositorio.uft.edu.br/,DSpace,Misto,Sempre,http://repositorio.uft.edu.br/handle/11612/1,,N√£o,OK,Sim,http://repositorio.uft.edu.br/oai/request,N√£o,,Sim,Sim,NA,Sim,Sim,2,Busca no site da IES,2026-02-11,https://ww2.uft.edu.br/,,Ativo
BR-FED-0009,Universidade Federal do Esp√≠rito Santo,UFES,Universidade,P√∫blica Federal,ES,Vit√≥ria,https://www.ufes.br/,Reposit√≥rio Institucional da UFES,https://repositorio.ufes.br/,DSpace,Misto,Sempre,https://repositorio.ufes.br/handle/10/12345,,N√£o,OK,Sim,https://repositorio.ufes.br/oai/request,N√£o,,Sim,Sim,NA,Sim,Sim,2,Busca no site da IES,2026-02-11,https://www.ufes.br/,,Ativo
BR-FED-0010,Universidade Federal de Uberl√¢ndia,UFU,Universidade,P√∫blica Federal,MG,Uberl√¢ndia,https://ufu.br/,Reposit√≥rio Institucional da UFU,https://repositorio.ufu.br/,DSpace,Misto,Sempre,https://repositorio.ufu.br/handle/123456789/36521,,N√£o,OK,Sim,https://repositorio.ufu.br/oai/request,N√£o,,Sim,Sim,NA,Sim,Sim,2,Busca no site da IES,2026-02-11,https://ufu.br/,,Ativo
BR-FED-0011,Universidade Federal da Para√≠ba,UFPB,Universidade,P√∫blica Federal,PB,Jo√£o Pessoa,https://www.ufpb.br/,Reposit√≥rio Institucional da UFPB,https://repositorio.ufpb.br/,DSpace,Misto,Sempre,https://repositorio.ufpb.br/jspui/handle/123456789/22818,,N√£o,OK,Sim,https://repositorio.ufpb.br/oai/request,N√£o,,Sim,Sim,NA,Sim,Sim,2,Busca no site da IES,2026-02-11,https://www.ufpb.br/,,Ativo
BR-FED-0012,Universidade Federal de Goi√°s,UFG,Universidade,P√∫blica Federal,GO,Goi√¢nia,https://ufg.br/,Reposit√≥rio Institucional da UFG,https://repositorio.bc.ufg.br/,DSpace,Misto,Sempre,https://repositorio.bc.ufg.br/tede/handle/tede/12345,,N√£o,OK,Sim,https://repositorio.bc.ufg.br/oai/request,N√£o,,Sim,Sim,NA,Sim,Sim,2,Busca no site da IES,2026-02-11,https://ufg.br/,,Ativo
BR-FED-0013,Universidade Federal de Minas Gerais,UFMG,Universidade,P√∫blica Federal,MG,Belo Horizonte,https://ufmg.br/,Reposit√≥rio Institucional da UFMG,https://repositorio.ufmg.br/,DSpace,Misto,Sempre,https://repositorio.ufmg.br/handle/1843/BUOS-9A7P4Z,,N√£o,OK,Sim,https://repositorio.ufmg.br/oai/request,N√£o,,Sim,Sim,NA,Sim,Sim,2,Busca no site da IES,2026-02-11,https://ufmg.br/,,Ativo
BR-FED-0014,Universidade Federal do Piau√≠,UFPI,Universidade,P√∫blica Federal,PI,Teresina,https://ufpi.br/,Reposit√≥rio Institucional da UFPI,https://repositorio.ufpi.br/,DSpace,Misto,Sempre,https://repositorio.ufpi.br/xmlui/handle/123456789/62254,,N√£o,OK,Sim,https://repositorio.ufpi.br/oai/request,N√£o,,Sim,Sim,NA,Sim,Sim,3,Busca no site da IES,2026-02-11,https://ufpi.br/,,Ativo
BR-FED-0015,Universidade Federal do Rio Grande do Sul,UFRGS,Universidade,P√∫blica Federal,RS,Porto Alegre,http://www.ufrgs.br/,LUME - Reposit√≥rio Digital da UFRGS,https://lume.ufrgs.br/,DSpace,Misto,Sempre,https://lume.ufrgs.br/handle/10183/267868,,N√£o,OK,Sim,https://lume.ufrgs.br/oai/request,N√£o,,Sim,Sim,NA,Sim,Sim,2,Busca no site da IES,2026-02-11,http://www.ufrgs.br/,,Ativo
BR-FED-0016,Universidade Federal do Rio Grande,FURG,Universidade,P√∫blica Federal,RS,Rio Grande,https://www.furg.br/,Reposit√≥rio Institucional da FURG,https://repositorio.furg.br/,DSpace,Misto,Sempre,https://repositorio.furg.br/handle/1/10530,,N√£o,OK,Sim,https://repositorio.furg.br/oai/request,N√£o,,Sim,Sim,NA,Sim,Sim,2,Busca no site da IES,2026-02-11,https://www.furg.br/,,Ativo
BR-FED-0017,Universidade Federal da Integra√ß√£o Latino-Americana,UNILA,Universidade,P√∫blica Federal,PR,Foz do Igua√ßu,https://portal.unila.edu.br/,Reposit√≥rio Institucional da UNILA,https://dspace.unila.edu.br/,DSpace,Misto,Sempre,https://dspace.unila.edu.br/handle/123456789/6526,,N√£o,OK,Sim,https://dspace.unila.edu.br/oai/request,N√£o,,Sim,Sim,NA,Sim,Sim,2,Busca no site da IES,2026-02-11,https://portal.unila.edu.br/,,Ativo
BR-FED-0018,Universidade Federal de Lavras,UFLA,Universidade,P√∫blica Federal,MG,Lavras,https://ufla.br/,Reposit√≥rio Institucional da UFLA,https://repositorio.ufla.br/,DSpace,Misto,Sempre,https://repositorio.ufla.br/handle/1/52780,,N√£o,OK,Sim,https://repositorio.ufla.br/oai/request,N√£o,,Sim,Sim,NA,Sim,Sim,2,Busca no site da IES,2026-02-11,https://ufla.br/,,Ativo
BR-FED-0019,Universidade Federal de Ouro Preto,UFOP,Universidade,P√∫blica Federal,MG,Ouro Preto,https://ufop.br/,Reposit√≥rio Institucional da UFOP,https://www.repositorio.ufop.br/,DSpace,Misto,Sempre,https://www.repositorio.ufop.br/handle/123456789/15136,,N√£o,OK,Sim,https://www.repositorio.ufop.br/oai/request,N√£o,,Sim,Sim,NA,Sim,Sim,2,Busca no site da IES,2026-02-11,https://ufop.br/,,Ativo
BR-FED-0020,Universidade Federal de Pelotas,UFPel,Universidade,P√∫blica Federal,RS,Pelotas,https://portal.ufpel.edu.br/,Guaiaca - Reposit√≥rio Institucional,https://guaiaca.ufpel.edu.br/,DSpace,Misto,Sempre,https://guaiaca.ufpel.edu.br/handle/prefix/6215,,N√£o,OK,Sim,https://guaiaca.ufpel.edu.br/oai/request,N√£o,,Sim,Sim,NA,Sim,Sim,2,Busca no site da IES,2026-02-11,https://portal.ufpel.edu.br/,,Ativo
BR-FED-0021,Universidade Federal de Pernambuco,UFPE,Universidade,P√∫blica Federal,PE,Recife,https://www.ufpe.br/,Reposit√≥rio Institucional da UFPE,https://repositorio.ufpe.br/,DSpace,Misto,Sempre,https://repositorio.ufpe.br/handle/123456789/54433,,N√£o,OK,Sim,https://repositorio.ufpe.br/oai/request,N√£o,,Sim,Sim,NA,Sim,Sim,2,Busca no site da IES,2026-02-11,https://www.ufpe.br/,,Ativo
BR-FED-0022,Universidade Federal de S√£o Paulo,UNIFESP,Universidade,P√∫blica Federal,SP,S√£o Paulo,https://www.unifesp.br/,Reposit√≥rio Institucional da Unifesp,https://repositorio.unifesp.br/,DSpace,Misto,Sempre,https://repositorio.unifesp.br/handle/11600/66522,,N√£o,OK,Sim,https://repositorio.unifesp.br/oai/request,N√£o,,Sim,Sim,NA,Sim,Sim,3,Busca no site da IES,2026-02-11,https://www.unifesp.br/,,Ativo
BR-FED-0023,Universidade Federal de S√£o Carlos,UFSCar,Universidade,P√∫blica Federal,SP,S√£o Carlos,https://www.ufscar.br/,Reposit√≥rio Institucional da UFSCar,https://repositorio.ufscar.br/,DSpace,Misto,Sempre,https://repositorio.ufscar.br/handle/ufscar/18972,,N√£o,OK,Sim,https://repositorio.ufscar.br/oai/request,N√£o,,Sim,Sim,NA,Sim,Sim,2,Busca no site da IES,2026-02-11,https://www.ufscar.br/,,Ativo
BR-FED-0024,Universidade Federal do Rio Grande do Norte,UFRN,Universidade,P√∫blica Federal,RN,Natal,https://ufrn.br/,Reposit√≥rio Institucional da UFRN,https://repositorio.ufrn.br/,DSpace,Misto,Sempre,https://repositorio.ufrn.br/handle/123456789/59807,,N√£o,OK,Sim,https://repositorio.ufrn.br/oai/request,N√£o,,Sim,Sim,NA,Sim,Sim,2,Busca no site da IES,2026-02-11,https://ufrn.br/,,Ativo
BR-FED-0025,Instituto Federal do Rio Grande do Norte,IFRN,Instituto Federal,P√∫blica Federal,RN,Natal,https://portal.ifrn.edu.br/,Memoria - Reposit√≥rio Institucional,http://memoria.ifrn.edu.br/,DSpace,Misto,Sempre,http://memoria.ifrn.edu.br/handle/1044/1,,N√£o,OK,Sim,http://memoria.ifrn.edu.br/oai/request,N√£o,,Sim,Sim,NA,Sim,Sim,2,Busca Espec√≠fica,2026-02-11,https://portal.ifrn.edu.br/,,Ativo
BR-FED-0026,Instituto Federal da Para√≠ba,IFPB,Instituto Federal,P√∫blica Federal,PB,Jo√£o Pessoa,https://www.ifpb.edu.br/,Reposit√≥rio Digital do IFPB,https://repositorio.ifpb.edu.br/,DSpace,Misto,Sempre,https://repositorio.ifpb.edu.br/handle/177683/1,,N√£o,OK,Sim,https://repositorio.ifpb.edu.br/oai/request,N√£o,,Sim,Sim,NA,Sim,Sim,2,Busca Espec√≠fica,2026-02-11,https://www.ifpb.edu.br/,,Ativo
BR-FED-0027,Instituto Federal do Cear√°,IFCE,Instituto Federal,P√∫blica Federal,CE,Fortaleza,https://ifce.edu.br/,Reposit√≥rio Institucional IFCE,https://repositorio.ifce.edu.br/,DSpace,Misto,Sempre,https://repositorio.ifce.edu.br/handle/123456789/1,,N√£o,OK,Sim,https://repositorio.ifce.edu.br/oai/request,N√£o,,Sim,Sim,NA,Sim,Sim,2,Busca Espec√≠fica,2026-02-11,https://ifce.edu.br/,,Ativo
BR-FED-0028,Instituto Federal do Rio Grande do Sul,IFRS,Instituto Federal,P√∫blica Federal,RS,Bento Gon√ßalves,https://ifrs.edu.br/,Reposit√≥rio Institucional IFRS,https://dspace.ifrs.edu.br/,DSpace,Misto,Sempre,https://dspace.ifrs.edu.br/xmlui/handle/123456789/1,,N√£o,OK,Sim,https://dspace.ifrs.edu.br/xmlui/oai/request,N√£o,,Sim,Sim,NA,Sim,Sim,2,Busca Espec√≠fica,2026-02-11,https://ifrs.edu.br/,,Ativo
BR-FED-0029,Instituto Federal de Santa Catarina,IFSC,Instituto Federal,P√∫blica Federal,SC,Florian√≥polis,https://www.ifsc.edu.br/,Reposit√≥rio Institucional IFSC,https://repositorio.ifsc.edu.br/,DSpace,Misto,Sempre,https://repositorio.ifsc.edu.br/handle/123456789/1,,N√£o,OK,Sim,https://repositorio.ifsc.edu.br/oai/request,N√£o,,Sim,Sim,NA,Sim,Sim,2,Busca Espec√≠fica,2026-02-11,https://www.ifsc.edu.br/,,Ativo
BR-FED-0030,Universidade Federal Rural do Semi-√Årido,UFERSA,Universidade,P√∫blica Federal,RN,Mossor√≥,https://ufersa.edu.br/,Reposit√≥rio Institucional da UFERSA,https://repositorio.ufersa.edu.br/,DSpace,Misto,Sempre,https://repositorio.ufersa.edu.br/handle/123456789/1,,N√£o,OK,Sim,https://repositorio.ufersa.edu.br/oai/request,N√£o,,Sim,Sim,NA,Sim,Sim,3,Busca Espec√≠fica,2026-02-19,https://ufersa.edu.br/,,Ativo
BR-FED-0033,Universidade Federal de Campina Grande,UFCG,Universidade,P√∫blica Federal,PB,Campina Grande,https://portal.ufcg.edu.br/,Biblioteca Digital de Teses e Disserta√ß√µes,https://dspace.sti.ufcg.edu.br/,DSpace,Misto,Sempre,,,N√£o,OK,Sim,https://dspace.sti.ufcg.edu.br/oai/request,N√£o,,Sim,Sim,NA,Sim,Sim,3,Busca Espec√≠fica,2026-02-19,https://portal.ufcg.edu.br/,,Ativo
BR-PRI-0001,Pontif√≠cia Universidade Cat√≥lica de S√£o Paulo,PUC-SP,Universidade,Privada,SP,S√£o Paulo,https://www.pucsp.br/,Reposit√≥rio da PUCSP,https://repositorio.pucsp.br/,DSpace,Misto,Sempre,https://repositorio.pucsp.br/handle/handle/24434,,N√£o,OK,Sim,https://repositorio.pucsp.br/oai/request,N√£o,,Sim,Sim,NA,Sim,Sim,2,Busca no site da IES,2026-02-11,https://www.pucsp.br/,,Ativo
BR-PRI-0002,Pontif√≠cia Universidade Cat√≥lica do Rio Grande do Sul,PUCRS,Universidade,Privada,RS,Porto Alegre,https://www.pucrs.br/,Reposit√≥rio Institucional da PUCRS,https://repositorio.pucrs.br/,DSpace,Misto,Sempre,https://repositorio.pucrs.br/dspace/handle/10923/24059,,N√£o,OK,Sim,https://repositorio.pucrs.br/oai/request,N√£o,,Sim,Sim,NA,Sim,Sim,2,Busca no site da IES,2026-02-11,https://www.pucrs.br/,,Ativo
BR-PRI-0003,Universidade do Vale do Rio dos Sinos,UNISINOS,Universidade,Privada,RS,S√£o Leopoldo,https://www.unisinos.br/,Reposit√≥rio Digital da Biblioteca da Unisinos,http://www.repositorio.jesuita.org.br/,DSpace,Misto,Sempre,http://www.repositorio.jesuita.org.br/handle/UNISINOS/12345,,N√£o,OK,Sim,http://www.repositorio.jesuita.org.br/oai/request,N√£o,,Sim,Sim,NA,Sim,Sim,2,Busca no site da IES,2026-02-11,https://www.unisinos.br/,,Ativo
BR-PRI-0004,Universidade Presbiteriana Mackenzie,Mackenzie,Universidade,Privada,SP,S√£o Paulo,https://www.mackenzie.br/,DSpace Mackenzie,https://dspace.mackenzie.br/,DSpace,Misto,Sempre,https://dspace.mackenzie.br/handle/10899/31336,,N√£o,OK,Sim,https://dspace.mackenzie.br/oai/request,N√£o,,Sim,Sim,NA,Sim,Sim,2,Busca no site da IES,2026-02-11,https://www.mackenzie.br/,,Ativo
BR-PRI-0005,Funda√ß√£o Getulio Vargas,FGV,Funda√ß√£o,Privada,RJ,Rio de Janeiro,https://portal.fgv.br/,Reposit√≥rio Digital,https://repositorio.fgv.br/,DSpace,Misto,Sempre,https://repositorio.fgv.br/handle/10438/32844,,N√£o,OK,Sim,https://repositorio.fgv.br/oai/request,N√£o,,Sim,Sim,NA,Sim,Sim,2,Busca no site da IES,2026-02-11,https://portal.fgv.br/,,Ativo
BR-PRI-0006,Insper,Insper,Instituto,Privada,SP,S√£o Paulo,https://www.insper.edu.br/,Reposit√≥rio Institucional Insper,https://repositorio.insper.edu.br/,DSpace,Misto,Sempre,https://repositorio.insper.edu.br/handle/11224/3688,,N√£o,OK,Sim,https://repositorio.insper.edu.br/oai/request,N√£o,,Sim,Sim,NA,Sim,Sim,2,Busca no site da IES,2026-02-11,https://www.insper.edu.br/,,Ativo
BR-PRI-0007,Universidade Paulista,UNIP,Universidade,Privada,SP,S√£o Paulo,https://www.unip.br/,Reposit√≥rio Institucional UNIP,https://repositorio.unip.br/,DSpace,Misto,Sempre,https://repositorio.unip.br/handle/123456789/4144,,N√£o,OK,Indefinido,,N√£o,,Sim,Sim,NA,Sim,Sim,2,Busca no site da IES,2026-02-11,https://www.unip.br/,,Ativo
BR-PRI-0008,Universidade Est√°cio de S√°,Est√°cio,Universidade,Privada,RJ,Rio de Janeiro,https://estacio.br/,Portal de Peri√≥dicos Est√°cio (Reposit√≥rio),https://portal.estacio.br/,OJS,Artigos,Sempre,https://portal.estacio.br/index.php/journal/article/view/123,,N√£o,OK,Indefinido,,N√£o,,Indefinido,Indefinido,NA,Indefinido,Indefinido,2,Busca no site da IES,2026-02-11,https://estacio.br/,,Ativo
BR-PRI-0009,Universidade Anhanguera,Anhanguera,Universidade,Privada,SP,Valinhos,https://www.anhanguera.com/,Reposit√≥rio Cogna,https://repositorio.pgsscogna.com.br/,DSpace,Misto,Sempre,https://repositorio.pgsscogna.com.br/handle/123456789/2345,,N√£o,OK,Indefinido,,N√£o,,Indefinido,Indefinido,NA,Indefinido,Indefinido,2,Busca no site da IES,2026-02-11,https://www.anhanguera.com/,,Ativo
BR-PRI-0010,Universidade Cat√≥lica de Bras√≠lia,UCB,Universidade,Privada,DF,Bras√≠lia,https://www.ucb.br/,Reposit√≥rio Digital da UCB,https://repositorio.ucb.br/,DSpace,Misto,Sempre,https://repositorio.ucb.br/jspui/handle/123456789/13768,,N√£o,OK,Sim,https://repositorio.ucb.br/oai/request,N√£o,,Sim,Sim,NA,Sim,Sim,2,Busca no site da IES,2026-02-11,https://www.ucb.br/,,Ativo
BR-PRI-0011,Pontif√≠cia Universidade Cat√≥lica de Campinas,PUC-Campinas,Universidade,Privada,SP,Campinas,https://www.puc-campinas.edu.br/,Reposit√≥rio Institucional PUC-Campinas,https://repositorio.puc-campinas.edu.br/,DSpace,Misto,Sempre,https://repositorio.puc-campinas.edu.br/handle/123456789/1,,N√£o,OK,Sim,https://repositorio.puc-campinas.edu.br/oai/request,N√£o,,Sim,Sim,NA,Sim,Sim,2,Busca Espec√≠fica,2026-02-11,https://www.puc-campinas.edu.br/,,Ativo
BR-PRI-0012,Pontif√≠cia Universidade Cat√≥lica de Minas Gerais,PUC-Minas,Universidade,Privada,MG,Belo Horizonte,https://www.pucminas.br/,Biblioteca Digital PUC Minas,https://biblioteca.pucminas.br/teses,DSpace,Teses,Sempre,https://biblioteca.pucminas.br/teses/handle/123456789/1,,N√£o,OK,Sim,https://biblioteca.pucminas.br/teses/oai/request,N√£o,,Sim,Sim,NA,Sim,Sim,2,Busca Espec√≠fica,2026-02-11,https://www.pucminas.br/,,Ativo
BR-PRI-0013,Pontif√≠cia Universidade Cat√≥lica de Goi√°s,PUC-Goi√°s,Universidade,Privada,GO,Goi√¢nia,https://www.pucgoias.edu.br/,Reposit√≥rio Institucional PUC Goi√°s,https://repositorio.pucgoias.edu.br/,DSpace,Misto,Sempre,https://repositorio.pucgoias.edu.br/jspui/handle/123456789/1,,N√£o,OK,Sim,https://repositorio.pucgoias.edu.br/oai/request,N√£o,,Sim,Sim,NA,Sim,Sim,2,Busca Espec√≠fica,2026-02-11,https://www.pucgoias.edu.br/,,Ativo
BR-PRI-0014,Pontif√≠cia Universidade Cat√≥lica do Paran√°,PUCPR,Universidade,Privada,PR,Curitiba,https://www.pucpr.br/,Biblioteca Digital PUCPR,https://bibliotecadigital.pucpr.br/,DSpace,Misto,Sempre,https://bibliotecadigital.pucpr.br/handle/123456789/1,,N√£o,OK,Sim,https://bibliotecadigital.pucpr.br/oai/request,N√£o,,Sim,Sim,NA,Sim,Sim,2,Busca Espec√≠fica,2026-02-11,https://www.pucpr.br/,,Ativo
BR-PRI-0015,Universidade de Fortaleza,Unifor,Universidade,Privada,CE,Fortaleza,https://www.unifor.br/,Biblioteca Digital de Teses e Disserta√ß√µes,https://uol.unifor.br/btd/,Outro,Misto,Sempre,https://uol.unifor.br/btd/,,N√£o,OK,Indefinido,,N√£o,,Sim,Sim,NA,Sim,Sim,2,Busca Espec√≠fica,2026-02-11,https://www.unifor.br/,,Ativo
BR-PRI-0016,Unicesumar,Unicesumar,Centro Universit√°rio,Privada,PR,Maring√°,https://www.unicesumar.edu.br/,Reposit√≥rio Digital Unicesumar,http://rdu.unicesumar.edu.br/,DSpace,Misto,Sempre,http://rdu.unicesumar.edu.br/handle/123456789/1,,N√£o,OK,Sim,http://rdu.unicesumar.edu.br/oai/request,N√£o,,Sim,Sim,NA,Sim,Sim,2,Busca Espec√≠fica,2026-02-11,https://www.unicesumar.edu.br/,,Ativo
BR-PRI-0017,Unochapec√≥,Unochapec√≥,Universidade,Comunit√°ria,SC,Chapec√≥,https://www.unochapeco.edu.br/,Reposit√≥rio Institucional Unochapec√≥,https://rd.unochapeco.edu.br/,DSpace,Misto,Sempre,https://rd.unochapeco.edu.br/handle/123456789/1,,N√£o,OK,Sim,https://rd.unochapeco.edu.br/oai/request,N√£o,,Sim,Sim,NA,Sim,Sim,2,Busca Espec√≠fica,2026-02-11,https://www.unochapeco.edu.br/,,Ativo
BR-PRI-0018,Universidade do Vale do Taquari,Univates,Universidade,Comunit√°ria,RS,Lajeado,https://www.univates.br/,Biblioteca Digital Univates,https://www.univates.br/bdu/,DSpace,Misto,Sempre,https://www.univates.br/bdu/handle/10737/1,,N√£o,OK,Sim,https://www.univates.br/bdu/oai/request,N√£o,,Sim,Sim,NA,Sim,Sim,2,Busca Espec√≠fica,2026-02-11,https://www.univates.br/,,Ativo
BR-PRI-0019,Universidade Feevale,Feevale,Universidade,Comunit√°ria,RS,Novo Hamburgo,https://www.feevale.br/,Reposit√≥rio Institucional Feevale,https://biblioteca.feevale.br/RI/,DSpace,Misto,Sempre,https://biblioteca.feevale.br/RI/Handle/123456789/1,,N√£o,OK,Sim,https://biblioteca.feevale.br/RI/oai/request,N√£o,,Sim,Sim,NA,Sim,Sim,2,Busca Espec√≠fica,2026-02-11,https://www.feevale.br/,,Ativo
BR-PRI-0020,Universidade de Caxias do Sul,UCS,Universidade,Comunit√°ria,RS,Caxias do Sul,https://www.ucs.br/,Reposit√≥rio Institucional da UCS,https://repositorio.ucs.br/,DSpace,Misto,Sempre,https://repositorio.ucs.br/handle/11338/1,,N√£o,OK,Sim,https://repositorio.ucs.br/oai/request,N√£o,,Sim,Sim,NA,Sim,Sim,2,Busca Espec√≠fica,2026-02-11,https://www.ucs.br/,,Ativo
BR-PRI-0021,Universidade de Passo Fundo,UPF,Universidade,Comunit√°ria,RS,Passo Fundo,https://www.upf.br/,Reposit√≥rio Institucional da UPF,http://ri.upf.br/,DSpace,Misto,Sempre,http://ri.upf.br/handle/riupf/1,,N√£o,OK,Sim,http://ri.upf.br/oai/request,N√£o,,Sim,Sim,NA,Sim,Sim,2,Busca Espec√≠fica,2026-02-11,https://www.upf.br/,,Ativo
BR-PRI-0022,Universidade de Santa Cruz do Sul,UNISC,Universidade,Comunit√°ria,RS,Santa Cruz do Sul,https://www.unisc.br/,Reposit√≥rio Institucional da UNISC,https://repositorio.unisc.br/,DSpace,Misto,Sempre,https://repositorio.unisc.br/jspui/handle/11624/1,,N√£o,OK,Sim,https://repositorio.unisc.br/oai/request,N√£o,,Sim,Sim,NA,Sim,Sim,2,Busca Espec√≠fica,2026-02-11,https://www.unisc.br/,,Ativo
BR-PRI-0023,Universidade do Vale do Itaja√≠,Univali,Universidade,Comunit√°ria,SC,Itaja√≠,https://www.univali.br/,Reposit√≥rio Institucional Univali,https://siaiapp28.univali.br/repositorio/,Outro,Misto,Sempre,https://siaiapp28.univali.br/repositorio/,,N√£o,OK,Indefinido,,N√£o,,Sim,Sim,NA,Sim,Sim,2,Busca Espec√≠fica,2026-02-11,https://www.univali.br/,,Ativo
BR-PRI-0024,Universidade de Sorocaba,Uniso,Universidade,Comunit√°ria,SP,Sorocaba,https://www.uniso.br/,Reposit√≥rio Institucional Uniso,https://comum.rcaap.pt/,DSpace,Misto,Sempre,https://comum.rcaap.pt/handle/10400.26/1,,N√£o,OK,Sim,https://comum.rcaap.pt/oai/request,N√£o,,Sim,Sim,NA,Sim,Sim,2,Busca Espec√≠fica,2026-02-11,https://www.uniso.br/,,Ativo
BR-PRI-0025,Universidade de Mar√≠lia,Unimar,Universidade,Privada,SP,Mar√≠lia,https://www.unimar.br/,Reposit√≥rio Institucional Unimar,https://ri.unimar.br/,DSpace,Misto,Sempre,https://ri.unimar.br/handle/123456789/1,,N√£o,OK,Sim,https://ri.unimar.br/oai/request,N√£o,,Sim,Sim,NA,Sim,Sim,2,Busca Espec√≠fica,2026-02-11,https://www.unimar.br/,,Ativo
BR-PRI-0026,Universidade Cat√≥lica de Pernambuco,Unicap,Universidade,Comunit√°ria,PE,Recife,https://www1.unicap.br/,Biblioteca Digital de Teses e Disserta√ß√µes,http://senhorinha.unicap.br/jspui/,DSpace,Teses,Sempre,http://senhorinha.unicap.br/jspui/handle/123456789/1,,N√£o,OK,Sim,http://senhorinha.unicap.br/jspui/oai/request,N√£o,,Sim,Sim,NA,Sim,Sim,2,Busca Espec√≠fica,2026-02-11,https://www1.unicap.br/,,Ativo
BR-PRI-0027,Universidade Cat√≥lica de Santos,UniSantos,Universidade,Comunit√°ria,SP,Santos,https://www.unisantos.br/,Biblioteca Digital,https://biblioteca.unisantos.br/,Outro,Misto,Sempre,https://biblioteca.unisantos.br/,,N√£o,OK,Indefinido,,N√£o,,Sim,Sim,NA,Sim,Sim,2,Busca Espec√≠fica,2026-02-11,https://www.unisantos.br/,,Ativo
BR-PRI-0028,Universidade Metodista de S√£o Paulo,Umesp,Universidade,Comunit√°ria,SP,S√£o Bernardo do Campo,https://www.metodista.br/,Reposit√≥rio Digital,http://repositorio.metodista.br/,DSpace,Misto,Sempre,http://repositorio.metodista.br/jspui/handle/123456789/1,,N√£o,OK,Sim,http://repositorio.metodista.br/jspui/oai/request,N√£o,,Sim,Sim,NA,Sim,Sim,2,Busca Espec√≠fica,2026-02-11,https://www.metodista.br/,,Ativo
BR-PRI-0029,Universidade Cruzeiro do Sul,Unicsul,Universidade,Privada,SP,S√£o Paulo,https://www.cruzeirodosul.edu.br/,Reposit√≥rio Institucional,https://repositorio.cruzeirodosul.edu.br/,DSpace,Misto,Sempre,https://repositorio.cruzeirodosul.edu.br/,,N√£o,OK,Sim,,N√£o,,Sim,Sim,NA,Sim,Sim,2,Busca Espec√≠fica,2026-02-11,https://www.cruzeirodosul.edu.br/,,Ativo
BR-PRI-0030,Universidade Cidade de S√£o Paulo,UNICID,Universidade,Privada,SP,S√£o Paulo,https://www.unicid.edu.br/,Reposit√≥rio Institucional,https://repositorio.unicid.edu.br/,DSpace,Misto,Sempre,https://repositorio.unicid.edu.br/,,N√£o,OK,Sim,,N√£o,,Sim,Sim,NA,Sim,Sim,2,Busca Espec√≠fica,2026-02-11,https://www.unicid.edu.br/,,Ativo
BR-PRI-0031,Universidade Nove de Julho,UNINOVE,Universidade,Privada,SP,S√£o Paulo,https://www.uninove.br/,Biblioteca Digital de Teses e Disserta√ß√µes,https://bibliotecadigital.uninove.br/,TEDE,Teses,Sempre,https://bibliotecadigital.uninove.br/,,N√£o,OK,Sim,,N√£o,,Sim,Sim,NA,Sim,Sim,2,Busca Espec√≠fica,2026-02-11,https://www.uninove.br/,,Ativo
BR-PRI-0032,Universidade Anhembi Morumbi,UAM,Universidade,Privada,SP,S√£o Paulo,https://portal.anhembi.br/,Reposit√≥rio Universit√°rio da √Çnima (RUNA),https://repositorio.animaeducacao.com.br/,DSpace,Misto,Sempre,https://repositorio.animaeducacao.com.br/handle/ANIMA/1,,N√£o,OK,Sim,https://repositorio.animaeducacao.com.br/oai/request,N√£o,,Sim,Sim,NA,Sim,Sim,2,Busca Espec√≠fica,2026-02-11,https://portal.anhembi.br/,,Ativo
BR-PRI-0033,Universidade Potiguar,UnP,Universidade,Privada,RN,Natal,https://www.unp.br/,Reposit√≥rio Universit√°rio da √Çnima (RUNA),https://repositorio.animaeducacao.com.br/,DSpace,Misto,Sempre,https://repositorio.animaeducacao.com.br/handle/ANIMA/1,,N√£o,OK,Sim,https://repositorio.animaeducacao.com.br/oai/request,N√£o,,Sim,Sim,NA,Sim,Sim,2,Busca Espec√≠fica,2026-02-11,https://www.unp.br/,,Ativo
BR-PRI-0034,Universidade Salvador,UNIFACS,Universidade,Privada,BA,Salvador,https://www.unifacs.br/,Reposit√≥rio Universit√°rio da √Çnima (RUNA),https://repositorio.animaeducacao.com.br/,DSpace,Misto,Sempre,https://repositorio.animaeducacao.com.br/handle/ANIMA/1,,N√£o,OK,Sim,https://repositorio.animaeducacao.com.br/oai/request,N√£o,,Sim,Sim,NA,Sim,Sim,2,Busca Espec√≠fica,2026-02-11,https://www.unifacs.br/,,Ativo
BR-RES-0001,Empresa Brasileira de Pesquisa Agropecu√°ria,Embrapa,Instituto de Pesquisa,P√∫blica Federal,DF,Bras√≠lia,https://www.embrapa.br/,ALICE - Reposit√≥rio Embrapa,https://www.alice.cnptia.embrapa.br/,DSpace,Misto,Sempre,https://www.alice.cnptia.embrapa.br/handle/doc/1,,N√£o,OK,Sim,http://www.alice.cnptia.embrapa.br/oai/request,N√£o,,Sim,Sim,NA,Sim,Sim,2,Busca Espec√≠fica,2026-02-19,https://www.embrapa.br/,,Ativo
BR-RES-0002,Rede SciELO,SciELO,Agregador,Misto,SP,S√£o Paulo,https://scielo.org/,SciELO Brasil,https://scielo.br/,OJS,Artigos,Sempre,https://scielo.br/,,N√£o,OK,Sim,http://www.scielo.br/oai/scielo-oai.php,N√£o,,Sim,Sim,Sim,Sim,Sim,1,Busca Espec√≠fica,2026-02-19,https://scielo.org/,,Ativo
BR-RES-0004,Empresa Brasileira de Pesquisa Agropecu√°ria,Embrapa,Instituto de Pesquisa,P√∫blica Federal,DF,Bras√≠lia,https://www.embrapa.br/,Infoteca-e,https://www.infoteca.cnptia.embrapa.br/,DSpace,Misto,Sempre,,,N√£o,OK,Sim,https://www.infoteca.cnptia.embrapa.br/oai/request,N√£o,,Sim,Sim,NA,Sim,Sim,3,Busca Espec√≠fica,2026-02-19,https://www.embrapa.br/,,AtivoBR-AGG-0002,Instituto Brasileiro de InformaÁ„o em CiÍncia e Tecnologia,IBICT,Agregador,P˙blica Federal,DF,BrasÌlia,https://ibict.br/,BDTD Nacional,https://bdtd.ibict.br/,Primo,Teses/DissertaÁıes,Sempre,https://bdtd.ibict.br/,,N„o,OK,Sim,http://bdtd.ibict.br/vufind/oai,N„o,,N„o,Sim,N„o,Sim,Sim,1,Busca EstratÈgica,2026-02-19,https://bdtd.ibict.br/,,Ativo
BR-AGG-0003,CoordenaÁ„o de AperfeiÁoamento de Pessoal de NÌvel Superior,CAPES,Agregador,P˙blica Federal,DF,BrasÌlia,https://capes.gov.br/,Cat·logo de Teses e DissertaÁıes CAPES,https://catalogodeteses.capes.gov.br/,Outro,Teses/DissertaÁıes,Sempre,https://catalogodeteses.capes.gov.br/,,N„o,OK,Indefinido,,N„o,,N„o,Sim,N„o,N„o,N„o,1,Busca EstratÈgica,2026-02-19,https://catalogodeteses.capes.gov.br/,,Ativo
BR-AGG-0004,CoordenaÁ„o de AperfeiÁoamento de Pessoal de NÌvel Superior,CAPES,Agregador,P˙blica Federal,DF,BrasÌlia,https://capes.gov.br/,Portal de PeriÛdicos CAPES,https://www.periodicos.capes.gov.br/,Outro,Artigos,Sempre,https://www.periodicos.capes.gov.br/,,N„o,OK,Indefinido,,N„o,,N„o,N„o,N„o,N„o,N„o,1,Busca EstratÈgica,2026-02-19,https://www.periodicos.capes.gov.br/,,Ativo
BR-AGG-0005,Centro Latino-Americano e do Caribe de InformaÁ„o em CiÍncias da Sa˙de,BIREME,Agregador,Internacional,SP,S„o Paulo,https://www.paho.org/pt/bireme,BVS LILACS,https://pesquisa.bvsalud.org/,Outro,Misto,Sempre,https://pesquisa.bvsalud.org/,,N„o,OK,Indefinido,,N„o,,N„o,N„o,Sim,N„o,N„o,1,Busca EstratÈgica,2026-02-19,https://pesquisa.bvsalud.org/,,Ativo
BR-FED-0034,Universidade Federal do Amazonas,UFAM,Universidade,P˙blica Federal,AM,Manaus,https://ufam.edu.br/,TEDE UFAM,https://tede.ufam.edu.br/,TEDE,Teses,Sempre,https://tede.ufam.edu.br/,,N„o,OK,Sim,https://tede.ufam.edu.br/oai/request,N„o,,N„o,Sim,N„o,Sim,Sim,3,Busca EstratÈgica,2026-02-19,https://tede.ufam.edu.br/,,Ativo
BR-FED-0035,Universidade Federal do Rio de Janeiro,UFRJ,Universidade,P˙blica Federal,RJ,Rio de Janeiro,https://ufrj.br/,Pantheon UFRJ,https://pantheon.ufrj.br/,DSpace,Misto,Sempre,https://pantheon.ufrj.br/,,N„o,OK,Sim,https://pantheon.ufrj.br/oai/request,N„o,,N„o,Sim,N„o,Sim,Sim,3,Busca EstratÈgica,2026-02-19,https://pantheon.ufrj.br/,,Ativo
